{
    "rbw_hz": 100000,
    "center_freq_hz": 3000000000,
    "acquisition_index": 5,
    "pxx_length": 512,
    "pxx_data": [
        -81.7794931944488,
        -81.8017415452024,
        -81.8153611636072,
        -81.80133530398523,
        -81.7934644921189,
        -81.7879646790351,
        -81.8103623361003,
        -81.8000856652333,
        -81.79573228937068,
        -81.79780341071077,
        -81.83472776891125,
        -81.81911967007274,
        -81.7901613086007,
        -81.8162037333119,
        -81.8140298818566,
        -81.8301613053054,
        -81.8007019005347,
        -81.79276057802895,
        -81.78050782422353,
        -81.8325943128186,
        -81.80825542609708,
        -81.78575816766717,
        -81.7984564449859,
        -81.81448558579058,
        -81.8147055946474,
        -81.80334270081163,
        -81.8056354318058,
        -81.77720369742018,
        -81.793414991147,
        -81.7871264820631,
        -81.78747008842556,
        -81.80976133557795,
        -81.8014949654933,
        -81.7970621564074,
        -81.80810496005867,
        -81.7914362634664,
        -81.8012272562805,
        -81.8042169683445,
        -81.8102205695896,
        -81.79832110287124,
        -81.7992062051028,
        -81.79219939757432,
        -81.80778240513845,
        -81.82463353984225,
        -81.81635788947054,
        -81.7688649704232,
        -81.79949411667278,
        -81.7964686338773,
        -81.79519154815603,
        -81.77556346067688,
        -81.79088421655563,
        -81.7987744962629,
        -81.8039621023322,
        -81.81827385336214,
        -81.8250114173086,
        -81.8128570230472,
        -81.7966063515713,
        -81.77888150381007,
        -81.78358550503383,
        -81.78108568201132,
        -81.7786001585085,
        -81.77777769933297,
        -81.7802901766081,
        -81.78971665879948,
        -81.77262528424455,
        -81.75481331216956,
        -81.78534321428867,
        -81.779525119519,
        -81.7660274450072,
        -81.7668180511804,
        -81.78716544326215,
        -81.76890597820737,
        -81.77827144344676,
        -81.79153355534797,
        -81.791644574113,
        -81.81974052790615,
        -81.8078773764171,
        -81.7684882216291,
        -81.7962809545297,
        -81.7762772106701,
        -81.79397052635443,
        -81.84581323129348,
        -81.8417325457002,
        -81.7989814378106,
        -81.8069051989903,
        -81.81864636092995,
        -81.8293901746757,
        -81.81060140520353,
        -81.8081632833524,
        -81.82839667102316,
        -81.79633313431538,
        -81.76319517403952,
        -81.7542055740522,
        -81.7681585592046,
        -81.7618618533525,
        -81.8048087160623,
        -81.78759197710593,
        -81.79047365301025,
        -81.8290721780752,
        -81.80382392732292,
        -81.75794295506986,
        -81.79804666847954,
        -81.8030454740368,
        -81.77112889637903,
        -81.76953302929185,
        -81.81721154521954,
        -81.81374149632298,
        -81.81673055114176,
        -81.78055871819275,
        -81.7993977838935,
        -81.81442673215086,
        -81.8241975768327,
        -81.8296513645165,
        -81.7963276405826,
        -81.7456249259066,
        -81.77662137894187,
        -81.80258217428717,
        -81.80196112890962,
        -81.7953717550259,
        -81.78444901861667,
        -81.7694321094557,
        -81.75997944101115,
        -81.7610938983453,
        -81.77844852179243,
        -81.78266560797162,
        -81.76105792216597,
        -81.76780395060777,
        -81.78329322993734,
        -81.77446948008387,
        -81.7800320554374,
        -81.7988093491927,
        -81.7819151216581,
        -81.7656406846327,
        -81.77515299718563,
        -81.77991148512157,
        -81.80740593346806,
        -81.7848300640788,
        -81.79637861182704,
        -81.79466316481383,
        -81.7917087625775,
        -81.83179854055736,
        -81.84135098175915,
        -81.8162211092142,
        -81.7749484463687,
        -81.8094816563737,
        -81.80499305668985,
        -81.78143056881183,
        -81.80569422607007,
        -81.80227982170365,
        -81.8138824035809,
        -81.8145695490128,
        -81.8143535390916,
        -81.8038290763342,
        -81.7708871609761,
        -81.7884511528142,
        -81.81669663060043,
        -81.78863505795414,
        -81.78267427151897,
        -81.80542137629388,
        -81.780540660062,
        -81.77016876510733,
        -81.77733360607702,
        -81.78887029892137,
        -81.7856366519882,
        -81.76775921426167,
        -81.78847723953596,
        -81.79370162074385,
        -81.7985365728706,
        -81.7790114526987,
        -81.7687521418096,
        -81.7859169123097,
        -81.7785486918366,
        -81.8013521540223,
        -81.8158657583386,
        -81.8222672198944,
        -81.80422169841452,
        -81.82077984372788,
        -81.8165321526106,
        -81.79834687089517,
        -81.78306543163222,
        -81.77882148439564,
        -81.7844919660728,
        -81.7635488572185,
        -81.77493204314665,
        -81.78306247291843,
        -81.77563052884553,
        -81.76894991766,
        -81.77760270645096,
        -81.77742822654737,
        -81.76826557196883,
        -81.77731801705464,
        -81.7870693940747,
        -81.78951130989947,
        -81.78792786663635,
        -81.76365606813107,
        -81.76359247364613,
        -81.7813130287683,
        -81.7710922433712,
        -81.80467171094392,
        -81.80724486689783,
        -81.8090440990932,
        -81.8058188014974,
        -81.8043337624417,
        -81.80055386568155,
        -81.805764235197,
        -81.812289920763,
        -81.8075591356823,
        -81.7984781305001,
        -81.8020128578836,
        -81.78120982559824,
        -81.8107437566864,
        -81.8064136884832,
        -81.7889262269871,
        -81.80231195341892,
        -81.82213130618214,
        -81.80455452000034,
        -81.80729099492527,
        -81.8213688770522,
        -81.8116254504383,
        -81.81870470844774,
        -81.783602320442,
        -81.7825318476839,
        -81.7925224204156,
        -81.7793473568613,
        -81.7565950833736,
        -81.7626279288103,
        -81.77846845040474,
        -81.7679227582413,
        -81.77969987020103,
        -81.75640744082473,
        -81.7305597513593,
        -81.7433239251866,
        -81.7719368111274,
        -81.7839726208051,
        -81.77681469064753,
        -81.76321908988285,
        -81.79233986062115,
        -81.785193955374,
        -81.8059514770642,
        -81.81479686714964,
        -81.81146914635514,
        -81.82241293541946,
        -81.787118841684,
        -81.7927044444648,
        -81.80955546118007,
        -81.78579542290784,
        -81.796039384495,
        -81.7875093582165,
        -81.77818737589332,
        -81.77120174603486,
        -81.77354017365778,
        -81.7754625471021,
        -81.74656589450827,
        -81.6569548854589,
        -81.19797325816707,
        -32.6297870094035,
        -25.239378499612073,
        -32.62979582724758,
        -81.1964150027694,
        -81.6582861007247,
        -81.7511315646591,
        -81.7565886782036,
        -81.7576478631905,
        -81.765782882959,
        -81.77498346798103,
        -81.79350514903965,
        -81.83216744218356,
        -81.782545632861,
        -81.80919591926853,
        -81.79980629086447,
        -81.78546349720263,
        -81.8273573544837,
        -81.80223898188055,
        -81.81110699199714,
        -81.81816999673782,
        -81.81702387197637,
        -81.79016222500833,
        -81.7695409817671,
        -81.7972744975815,
        -81.7991152998941,
        -81.7528694955,
        -81.74604695281357,
        -81.73663770621788,
        -81.7661080508056,
        -81.79772863647307,
        -81.77132072094503,
