{
    "rbw_hz": 100000,
    "center_freq_hz": 3000000000,
    "acquisition_index": 9,
    "pxx_length": 512,
    "pxx_data": [
        -82.88231223402114,
        -82.86656852830183,
        -82.87873151200175,
        -82.8885771155134,
        -82.87953111998084,
        -82.8785490630641,
        -82.8810075287816,
        -82.8826734601481,
        -82.8828712613,
        -82.89377248649,
        -82.9118295490949,
        -82.9119268097588,
        -82.88498538984373,
        -82.87218065133503,
        -82.9062958518649,
        -82.90371037004547,
        -82.90046794302087,
        -82.8773198255044,
        -82.8834048725594,
        -82.8923658823389,
        -82.9051154980938,
        -82.9073767380153,
        -82.89879841385236,
        -82.90627335243326,
        -82.9008281499297,
        -82.8461859940463,
        -82.8776191678719,
        -82.90457196118876,
        -82.8621926736816,
        -82.87586868628763,
        -82.8747003070305,
        -82.8721094395099,
        -82.8835583652757,
        -82.89492759502633,
        -82.8858299307106,
        -82.904091753054,
        -82.90417688889036,
        -82.88813169474763,
        -82.8970650239357,
        -82.89491186731775,
        -82.8975965505333,
        -82.88898563453637,
        -82.89498574106055,
        -82.90482107566135,
        -82.92059362010673,
        -82.91410265781454,
        -82.90091534564834,
        -82.91100625362446,
        -82.9058206796689,
        -82.88245944342704,
        -82.88419164683856,
        -82.89544452322812,
        -82.8989932039111,
        -82.8774548362317,
        -82.87699997968068,
        -82.88928044186886,
        -82.89907702520168,
        -82.8861371820713,
        -82.86713824643454,
        -82.88958022028153,
        -82.8843348635088,
        -82.8574108200798,
        -82.8630036896247,
        -82.875215513762,
        -82.88408537031515,
        -82.89040240044517,
        -82.86655544553703,
        -82.89342618656947,
        -82.93298770948653,
        -82.9135342928837,
        -82.90653962429715,
        -82.8878753138901,
        -82.86612345870425,
        -82.8667305870646,
        -82.89560829703775,
        -82.8923665467467,
        -82.8922481937313,
        -82.91791414158774,
        -82.8988766626291,
        -82.88714875551086,
        -82.91120393413827,
        -82.92562498441093,
        -82.8979605105765,
        -82.87587235304315,
        -82.89310791033995,
        -82.8911828151865,
        -82.8840237078046,
        -82.89751382249023,
        -82.9026073026255,
        -82.88046031547705,
        -82.87386277607843,
        -82.88148124864593,
        -82.88916545846546,
        -82.8891865267577,
        -82.85208060225514,
        -82.87458942253107,
        -82.88903751722587,
        -82.87435042448547,
        -82.85553993555334,
        -82.8591069530017,
        -82.85655243074905,
        -82.8613604627531,
        -82.8568303598826,
        -82.8666062243734,
        -82.88978932419093,
        -82.87328506296127,
        -82.9067597021063,
        -82.8917196216592,
        -82.88117888142165,
        -82.8898400043531,
        -82.91693245593,
        -82.93834691901233,
        -82.90101885470756,
        -82.8739984795997,
        -82.8887721999728,
        -82.8989285906773,
        -82.8946399035273,
        -82.87335993188266,
        -82.87907045469316,
        -82.8831712410037,
        -82.8752682573658,
        -82.91081521112987,
        -82.9164447153134,
        -82.87258468621513,
        -82.87695650041442,
        -82.8718549816417,
        -82.86735209764447,
        -82.8827714293931,
        -82.87662289547015,
        -82.8766282318992,
        -82.86672962373805,
        -82.8658262727733,
        -82.87706722927135,
        -82.88648298658167,
        -82.8486962359584,
        -82.8427570111209,
        -82.8496504729294,
        -82.8678197912533,
        -82.8735365784552,
        -82.85313578612354,
        -82.87314668771498,
        -82.88583719362053,
        -82.88702279118327,
        -82.89894425144276,
        -82.92232618552704,
        -82.8926095033997,
        -82.88219601182863,
        -82.8847019143848,
        -82.8969815537558,
        -82.8802624739577,
        -82.8842567302158,
        -82.8825593412582,
        -82.85681534625584,
        -82.84758056070262,
        -82.87201190840813,
        -82.87830718652133,
        -82.84759083759954,
        -82.87205742174817,
        -82.90653516118986,
        -82.92398079026466,
        -82.88627575699125,
        -82.87617569607707,
        -82.86191176758297,
        -82.8697141999772,
        -82.8853120779904,
        -82.88958409518236,
        -82.8895641828102,
        -82.882669188471,
        -82.8822192529981,
        -82.90511870866793,
        -82.89953585422326,
        -82.8885751715729,
        -82.892318372934,
        -82.89394212287257,
        -82.903110888205,
        -82.88277354042944,
        -82.89889705297207,
        -82.8821909631536,
        -82.88114208678167,
        -82.89783654796928,
        -82.9352523936793,
        -82.9098288878987,
        -82.8960448804571,
        -82.89690260702827,
        -82.88182489533997,
        -82.86884018740336,
        -82.877449670112,
        -82.8791613088512,
        -82.8709234416641,
        -82.87562219877586,
        -82.88369472378437,
        -82.90991104469556,
        -82.8794991585889,
        -82.85323080580153,
        -82.88014180525084,
        -82.87491376641155,
        -82.87608101898387,
        -82.87321963993867,
        -82.88183236426497,
        -82.86247626189727,
        -82.87077531350047,
        -82.84568103307265,
        -82.8562089840126,
        -82.8832928282376,
        -82.894064347243,
        -82.9149284437002,
        -82.9118901713283,
        -82.89290752252603,
        -82.8706459808533,
        -82.8957468409645,
        -82.90528327527605,
        -82.90543879759926,
        -82.8804943034928,
        -82.86796646154826,
        -82.8780360321025,
        -82.89451204012735,
        -82.89050374325207,
        -82.8817182958331,
        -82.875396133326,
        -82.86926905240853,
        -82.86802424029892,
        -82.84354093811567,
        -82.86362958006214,
        -82.89453748546654,
        -82.8900643977116,
        -82.87080850024394,
        -82.8406944471186,
        -82.85863012064185,
        -82.87623847659246,
        -82.87409801848362,
        -82.86029924105725,
        -82.8945377318182,
        -82.8793468023287,
        -82.887523275866,
        -82.87641210645097,
        -82.87515259289563,
        -82.87580676633897,
        -82.8802857366089,
        -82.8558881291616,
        -82.8681876909458,
        -82.85830059167914,
        -82.8632839979968,
        -82.86311059587875,
        -82.89365810406812,
        -82.9062647495815,
        -82.89894301215995,
        -82.8699666036399,
        -82.8715247143769,
        -82.864256363743,
        -82.86208519377266,
        -82.86946496044226,
        -82.82742203222745,
        -82.80351447985923,
        -82.7265745622437,
        -82.13250270819943,
        -32.6270977551439,
        -25.23668903656204,
        -32.627068072194525,
        -82.1236386658637,
        -82.74432189669872,
        -82.81396514157308,
        -82.83046265130045,
        -82.8772250290764,
        -82.88666138007522,
        -82.8751571153291,
        -82.87436248521036,
        -82.86077884575073,
        -82.89760072002855,
        -82.91735033886944,
        -82.9069837339121,
        -82.87414456687074,
        -82.8505199738449,
        -82.85613904977043,
        -82.85983034067017,
        -82.8600780479617,
        -82.8895107169604,
        -82.8741394137015,
        -82.87366450223602,
        -82.87672446988617,
        -82.87825420305596,
        -82.8454372379329,
        -82.88909499537152,
        -82.89922655125976,
        -82.8805062092857,
        -82.86504224427142,
        -82.8662767603336,
