{
    "rbw_hz": 100000,
    "center_freq_hz": 3000000000,
    "acquisition_index": 3,
    "pxx_length": 512,
    "pxx_data": [
        -82.509327236476,
        -82.50740864318074,
        -82.50181390302174,
        -82.51157181830534,
        -82.49403119171204,
        -82.48879715659095,
        -82.48428387515276,
        -82.51076492203515,
        -82.5075121339803,
        -82.5068288496461,
        -82.49992248328235,
        -82.472482801262,
        -82.49525968886643,
        -82.49999598555564,
        -82.51749350176213,
        -82.51097845382375,
        -82.48649855459016,
        -82.47766992115076,
        -82.4816092185009,
        -82.48984620141,
        -82.49819141099296,
        -82.5110707385123,
        -82.50720753242567,
        -82.49530279165523,
        -82.50073377709192,
        -82.5059971623535,
        -82.45778115567875,
        -82.45327054782388,
        -82.4916655508128,
        -82.49414134126874,
        -82.49066817562766,
        -82.4861229373272,
        -82.486207393064,
        -82.46816561860165,
        -82.46890994849856,
        -82.47607348500695,
        -82.50632112842175,
        -82.50482105324537,
        -82.5033010269955,
        -82.5266990437136,
        -82.49966372091465,
        -82.47426420685898,
        -82.4785730579528,
        -82.48010357284883,
        -82.5090934856547,
        -82.50018577438883,
        -82.49257000691887,
        -82.4973925873745,
        -82.4960458553495,
        -82.50162893090283,
        -82.50045509795896,
        -82.51578341592,
        -82.47884068720677,
        -82.48837111565075,
        -82.50994413990375,
        -82.5174670079414,
        -82.5263611075594,
        -82.4966169737298,
        -82.4752399130964,
        -82.49070834724263,
        -82.5057037754341,
        -82.48496158854397,
        -82.46636356617527,
        -82.49271836544573,
        -82.50094517714095,
        -82.50226798158957,
        -82.500068203315,
        -82.4769126175282,
        -82.49119848988204,
        -82.4879782339463,
        -82.4774944168994,
        -82.49246994347263,
        -82.5142124711141,
        -82.52469949729127,
        -82.4985151555535,
        -82.4763341380978,
        -82.4812610036504,
        -82.51269781177646,
        -82.49264012952735,
        -82.49059525121255,
        -82.515169524326,
        -82.4906068415725,
        -82.49502519533283,
        -82.50125280604476,
        -82.51367014715413,
        -82.4894323786173,
        -82.5129871743762,
        -82.501095836331,
        -82.49822124469264,
        -82.5124015754374,
        -82.5065009829017,
        -82.4935505663939,
        -82.46835141960136,
        -82.4488366597515,
        -82.4569062135407,
        -82.49443104431664,
        -82.49376353357357,
        -82.4977131895882,
        -82.4971612148926,
        -82.52024872190682,
        -82.5288847499963,
        -82.4995026448201,
        -82.47976050125607,
        -82.479533823098,
        -82.47012621102857,
        -82.4995395900569,
        -82.5137823222342,
        -82.4997819592661,
        -82.4836514685894,
        -82.46751519658787,
        -82.48715376665544,
        -82.49632890899255,
        -82.49760517994297,
        -82.47605399574495,
        -82.497010847733,
        -82.4839658425363,
        -82.50343697401263,
        -82.5037704173762,
        -82.4881554256941,
        -82.45669801513625,
        -82.4657861747229,
        -82.4997795060014,
        -82.472742974404,
        -82.47440920292613,
        -82.44865722253145,
        -82.45961088573662,
        -82.46481842222775,
        -82.47439604295505,
        -82.4570577543068,
        -82.45869952640867,
        -82.4580376150607,
        -82.45566336303126,
        -82.48350106255185,
        -82.4654548065566,
        -82.4743191426963,
        -82.4814993227209,
        -82.4696189116051,
        -82.47840972928715,
        -82.4922080660628,
        -82.5152031017601,
        -82.4970570454834,
        -82.4948562749276,
        -82.5156391918437,
        -82.48805507627213,
        -82.48080284734208,
        -82.47791374457617,
        -82.48752643604124,
        -82.49173837365254,
        -82.4826887552863,
        -82.4829442294534,
        -82.47100450120705,
        -82.46448103541483,
        -82.4615932298367,
        -82.48061417984076,
        -82.49582251724942,
        -82.48535307638058,
        -82.48757104917186,
        -82.49408852359294,
        -82.45850102923404,
        -82.47966264695944,
        -82.49052157981487,
        -82.5086244749059,
        -82.510309972806,
        -82.4871280152704,
        -82.47780826745604,
        -82.5022134067146,
        -82.50861775182676,
        -82.4889352447719,
        -82.4941639991526,
        -82.49979798545775,
        -82.51725803114365,
        -82.52996503072525,
        -82.5421773522355,
        -82.5548550366362,
        -82.50695246552603,
        -82.48643527569567,
        -82.5132281728786,
        -82.47788045240247,
        -82.50244539614627,
        -82.53104725407935,
        -82.5272862170092,
        -82.50331110690885,
        -82.47468910398553,
        -82.46562776709773,
        -82.47787853405956,
        -82.4832467987639,
        -82.5009230683636,
        -82.50276626199528,
        -82.48119688714513,
        -82.46424422306104,
        -82.46669483460053,
        -82.4827287359927,
        -82.51647878522205,
        -82.5026833355055,
        -82.45661972873053,
        -82.4828079811051,
        -82.49770718919193,
        -82.47832652451623,
        -82.49733688354233,
        -82.50119905310177,
        -82.495941987919,
        -82.4887632446176,
        -82.48493593266404,
        -82.4811872463195,
        -82.48096728891817,
        -82.4886712263086,
        -82.4923068372082,
        -82.50863668499454,
        -82.47398131563494,
        -82.44540469637485,
        -82.48309841167523,
        -82.48276916685785,
        -82.49039733367844,
        -82.48996765676236,
        -82.4684395551232,
        -82.4537157850804,
        -82.47012560197193,
        -82.47059381323923,
        -82.49440340020536,
        -82.4721718169203,
        -82.48405529905227,
        -82.4608621762914,
        -82.46928460937366,
        -82.47169034110362,
        -82.45851206458475,
        -82.45017556976065,
        -82.454036878861,
        -82.4749553204358,
        -82.5004815551101,
        -82.4623650793702,
        -82.46599344461318,
        -82.4789038698742,
        -82.4892970477929,
        -82.47195081825106,
        -82.48058935296554,
        -82.4892234018592,
        -82.4729541045505,
        -82.47242700750105,
        -82.50758062124433,
        -82.4953598468608,
        -82.48154485954586,
        -82.5100160471667,
        -82.49063848002415,
        -82.48193897119704,
        -82.5107706381064,
        -82.49077699704557,
        -82.4900373515149,
        -82.45661510641293,
        -82.41884048353955,
        -82.44811455891033,
        -82.4461855927084,
        -82.4596208519238,
        -82.45316741057485,
        -82.3781794038172,
        -81.76521578278,
        -32.62846363419271,
        -25.238142392410627,
        -32.62848036832605,
        -81.76511512470623,
        -82.3896163692342,
        -82.4527378192833,
        -82.43817964787564,
        -82.4342692826682,
        -82.4642832385338,
        -82.4373646337734,
        -82.457461143077,
        -82.49166820139612,
        -82.4896370156764,
        -82.49619702609594,
        -82.4735415661899,
        -82.47805222120745,
        -82.49833892453813,
        -82.4868140209974,
        -82.49810416752284,
        -82.49225984699777,
        -82.46432238291362,
        -82.47429125057594,
        -82.47551095751085,
        -82.48730983760863,
        -82.4745808178958,
        -82.4813418409763,
        -82.47779194081897,
        -82.4834573671902,
        -82.4954176575731,
        -82.5072630082419,
        -82.48112243784384,
