{
    "rbw_hz": 100000,
    "center_freq_hz": 3000000000,
    "acquisition_index": 1,
    "pxx_length": 512,
    "pxx_data": [
        -82.5076179988952,
        -82.4902977746845,
        -82.51072426791924,
        -82.5485135171589,
        -82.53582852867795,
        -82.53523108483097,
        -82.52263968710884,
        -82.5228718656566,
        -82.50938203240563,
        -82.5197868520292,
        -82.52684703610618,
        -82.52628689106754,
        -82.51944890594673,
        -82.5338597679899,
        -82.54815008202942,
        -82.5483483664125,
        -82.54362124284734,
        -82.54103622172762,
        -82.54322555512996,
        -82.54703431503386,
        -82.53445789044918,
        -82.5131574854372,
        -82.55828449166165,
        -82.5295024667445,
        -82.51144627806826,
        -82.53205217250556,
        -82.52457081323627,
        -82.5110870938486,
        -82.54330255258205,
        -82.53245766419936,
        -82.49205927598177,
        -82.51390277489178,
        -82.53306467319427,
        -82.5444567799287,
        -82.50976217520396,
        -82.4829346893257,
        -82.47908571258654,
        -82.50164850597413,
        -82.51371325009387,
        -82.5157283947089,
        -82.4765431678455,
        -82.51203006954887,
        -82.5498832962478,
        -82.52551387860035,
        -82.53814470335813,
        -82.532389480716,
        -82.5356855347831,
        -82.52528358702376,
        -82.5267304346403,
        -82.5581214767722,
        -82.54166143382554,
        -82.53698042214472,
        -82.54278453252226,
        -82.52122260800095,
        -82.530958889748,
        -82.53930650453472,
        -82.51439685520303,
        -82.5571309485871,
        -82.537804123769,
        -82.50847384686993,
        -82.54840455316447,
        -82.52931233192078,
        -82.50022736581482,
        -82.49533824494515,
        -82.51804981853213,
        -82.5255968789569,
        -82.51380024224252,
        -82.48807256674537,
        -82.5098503798884,
        -82.51065775062713,
        -82.52153593883754,
        -82.54209477881997,
        -82.5013462896304,
        -82.51656526107163,
        -82.53749225624983,
        -82.5339897585772,
        -82.52478081510203,
        -82.514069311567,
        -82.5141589658322,
        -82.56421267788716,
        -82.54900139762884,
        -82.4960998169717,
        -82.5108155746416,
        -82.53330276448648,
        -82.5229985805345,
        -82.52550219339707,
        -82.50793938015747,
        -82.52427257339,
        -82.5301162809969,
        -82.51958342515903,
        -82.5212522682876,
        -82.52567007632466,
        -82.51966952812936,
        -82.5373237970663,
        -82.54763246709886,
        -82.52003630820707,
        -82.52545555726485,
        -82.5237686624053,
        -82.52384106073848,
        -82.53118211142723,
        -82.53440804481335,
        -82.52208184689307,
        -82.5108723760388,
        -82.51126475951668,
        -82.53346081544107,
        -82.51311981398283,
        -82.5292337313784,
        -82.5136823998714,
        -82.52872807915394,
        -82.5635581744697,
        -82.5695214515984,
        -82.5314328494442,
        -82.53509739765285,
        -82.52357809962467,
        -82.52676257786335,
        -82.54199257533884,
        -82.53996519721824,
        -82.5335567541849,
        -82.51680201083296,
        -82.50579709545696,
        -82.51998251034902,
        -82.55743869694683,
        -82.5720027085387,
        -82.5494114210097,
        -82.5129726066547,
        -82.5067627204511,
        -82.486782296967,
        -82.4738298461201,
        -82.5035804853077,
        -82.49494657092237,
        -82.5070889625532,
        -82.5426117988206,
        -82.52683330332357,
        -82.49733412740703,
        -82.5175381900411,
        -82.50395108221915,
        -82.50235564340696,
        -82.50949656478305,
        -82.52231719065685,
        -82.5182132682053,
        -82.52742761044277,
        -82.48931235552266,
        -82.51741653841152,
        -82.53413302844353,
        -82.50321380228753,
        -82.51365211754214,
        -82.5218565003147,
        -82.51991982000446,
        -82.51420514755155,
        -82.50523813617983,
        -82.50900355901477,
        -82.5307526398777,
        -82.53374540512763,
        -82.49692059944996,
        -82.4919946360161,
        -82.5264810376916,
        -82.51533824415178,
        -82.52244188591108,
        -82.52961303054423,
        -82.51843893140344,
        -82.51055309475595,
        -82.53146048822374,
        -82.52223113574708,
        -82.53822427524324,
        -82.52532796081266,
        -82.5177905362648,
        -82.52388994893613,
        -82.52332362407996,
        -82.52927255945843,
        -82.54616528731074,
        -82.55136801635265,
        -82.55784829733756,
        -82.57322991243947,
        -82.55457016109176,
        -82.50493293114893,
        -82.52842658013385,
        -82.54844012267634,
        -82.51998368020955,
        -82.51521779154025,
        -82.5316404568389,
        -82.5424396334421,
        -82.5508372305236,
        -82.55377917397867,
        -82.54085017322276,
        -82.51906599957783,
        -82.5073288658278,
        -82.51115534348867,
        -82.5028453116807,
        -82.5142165945236,
        -82.51887299141323,
        -82.51639127899313,
        -82.54028309650076,
        -82.5299630652133,
        -82.52009128091564,
        -82.50610322372125,
        -82.47967240232535,
        -82.47868486804336,
        -82.51458689096336,
        -82.54076520034357,
        -82.52478873413713,
        -82.52067036336766,
        -82.50837620372714,
        -82.5172237359935,
        -82.5405668780333,
        -82.5261873486297,
        -82.50572346798064,
        -82.50260259314305,
        -82.50553696041516,
        -82.51008840184404,
        -82.54827284864706,
        -82.5206154979648,
        -82.53406736918464,
        -82.544780706465,
        -82.5506538309468,
        -82.5142281746294,
        -82.5031243445989,
        -82.4800698510163,
        -82.4852954003142,
        -82.51473940426496,
        -82.5374300301642,
        -82.53209972357854,
        -82.5136943081605,
        -82.49441473873767,
        -82.5001797754091,
        -82.4980100239896,
        -82.5261914831642,
        -82.5131240399023,
        -82.51863684102042,
        -82.47756182146384,
        -82.49537769297996,
        -82.53388824868672,
        -82.51551819409492,
        -82.50258199716237,
        -82.50858013150787,
        -82.51760723156217,
        -82.51823278218446,
        -82.4855702855804,
        -82.5296901192445,
        -82.5045305857119,
        -82.5098803864663,
        -82.5131313973806,
        -82.51546983776328,
        -82.5170397912646,
        -82.51530166134044,
        -82.49580478332098,
        -82.51344346723506,
        -82.49898612385755,
        -82.5268743456074,
        -82.5206840773907,
        -82.4747688343146,
        -82.4691170291239,
        -82.4678403284487,
        -82.46971726911225,
        -82.39625579648356,
        -81.8189429448202,
        -32.628378967539845,
        -25.237990178726335,
        -32.62840174650418,
        -81.81692805507737,
        -82.38449845800244,
        -82.4549956648589,
        -82.4697173492591,
        -82.47787856370218,
        -82.4860693367451,
        -82.52816331668623,
        -82.53994519173246,
        -82.51309328090127,
        -82.5136368418817,
        -82.50296461097236,
        -82.52274981703764,
        -82.51573205796377,
        -82.5177329837146,
        -82.5129686847145,
        -82.5210319042021,
        -82.51049342296744,
        -82.51608767386116,
        -82.4972953283213,
        -82.51356381154515,
        -82.49605762582476,
        -82.49708338337587,
        -82.51655028799334,
        -82.513370404003,
        -82.52346991939774,
        -82.4775350128678,
        -82.4692955232551,
