{
    "rbw_hz": 100000,
    "center_freq_hz": 3000000000,
    "acquisition_index": 7,
    "pxx_length": 512,
    "pxx_data": [
        -81.39694018830915,
        -81.40184987809036,
        -81.4032920935958,
        -81.42871354681066,
        -81.40814607519593,
        -81.42117446414416,
        -81.45821204141726,
        -81.43173164067716,
        -81.4514713364131,
        -81.48082777403175,
        -81.49361749967417,
        -81.49397849426036,
        -81.4752518709708,
        -81.4379497835135,
        -81.45172469902525,
        -81.42621038372583,
        -81.4256107042415,
        -81.42909397194286,
        -81.42637551448333,
        -81.44311404739,
        -81.4325768146687,
        -81.45750813808556,
        -81.4549178324474,
        -81.43096631705434,
        -81.44105495230883,
        -81.4360969167513,
        -81.4102101114627,
        -81.39352561751663,
        -81.4035980061912,
        -81.41839217220225,
        -81.417013184598,
        -81.41318150300197,
        -81.41313559574373,
        -81.4157405225086,
        -81.42564260334953,
        -81.4311326716442,
        -81.44269912991822,
        -81.42085621733663,
        -81.40388964833252,
        -81.39754464147906,
        -81.40334332417515,
        -81.42626117221107,
        -81.4327700940706,
        -81.43030349499915,
        -81.4323234208752,
        -81.46165378195295,
        -81.45982313285516,
        -81.42285786828222,
        -81.4021643135247,
        -81.4243993519157,
        -81.4332711187396,
        -81.4386205597284,
        -81.4408603349422,
        -81.42239075144676,
        -81.41145708161334,
        -81.42957774458384,
        -81.41694758475766,
        -81.4301445035777,
        -81.4431425086159,
        -81.42883520401813,
        -81.44527892344374,
        -81.44969022991752,
        -81.4424802201421,
        -81.4514979586824,
        -81.43959463382316,
        -81.40450179403244,
        -81.4046047213899,
        -81.40686150707444,
        -81.4408804847408,
        -81.4430313807493,
        -81.4582752930547,
        -81.4620572765449,
        -81.41208486050566,
        -81.40954481367814,
        -81.42267670556595,
        -81.4353886592989,
        -81.4239341322751,
        -81.41755336017395,
        -81.44191565811603,
        -81.4317979295265,
        -81.46194043886933,
        -81.46917973904976,
        -81.46985281194495,
        -81.4699192116378,
        -81.42888096899513,
        -81.44587572871565,
        -81.4206689876279,
        -81.4126171583898,
        -81.41353480761096,
        -81.40075853362538,
        -81.44234799952257,
        -81.4234236691867,
        -81.4271626749673,
        -81.4399065950719,
        -81.45668154125522,
        -81.4372842476329,
        -81.45161970442567,
        -81.42966661773777,
        -81.4344371745024,
        -81.46202473195324,
        -81.4408982855513,
        -81.41776566726726,
        -81.4418265452207,
        -81.43581304068738,
        -81.41364966845317,
        -81.39795987141355,
        -81.4077425521727,
        -81.3914352809417,
        -81.41553773197575,
        -81.43370904844116,
        -81.43339326926824,
        -81.4425107334241,
        -81.43699893766767,
        -81.42644636944773,
        -81.4426756842788,
        -81.45005890118824,
        -81.4534432919891,
        -81.41879721584726,
        -81.41871826504938,
        -81.43503683722815,
        -81.4368070114568,
        -81.44024173595054,
        -81.43834026662923,
        -81.436892450961,
        -81.43140065611954,
        -81.414910875256,
        -81.41984207805577,
        -81.4257745518998,
        -81.38764509401426,
        -81.4043813288414,
        -81.38826187434873,
        -81.40516980033743,
        -81.45521504487834,
        -81.4314281022248,
        -81.4158590067154,
        -81.4245249264887,
        -81.41209467571386,
        -81.43839674259297,
        -81.45043909625673,
        -81.4369950495549,
        -81.41666366725737,
        -81.41578944647907,
        -81.42871043040142,
        -81.4344702387016,
        -81.4636879831542,
        -81.43884245676824,
        -81.4163162190536,
        -81.4188486307814,
        -81.43400165424117,
        -81.4412459163749,
        -81.44189618565707,
        -81.43647669046072,
        -81.434935193272,
        -81.43567858557415,
        -81.44103406712594,
        -81.44517685877335,
        -81.41622664693485,
        -81.41910836932324,
        -81.41244931426354,
        -81.41919216838515,
        -81.4142007954549,
        -81.44141797337456,
        -81.43011101051346,
        -81.4043131839686,
        -81.39135641448524,
        -81.4041263987429,
        -81.4330302485594,
        -81.42701966751454,
        -81.43094935580073,
        -81.4328079305487,
        -81.4214654251765,
        -81.4302019876363,
        -81.42445498706097,
        -81.44013861873758,
        -81.43617151757417,
        -81.42320458641294,
        -81.43314295347608,
        -81.455046426675,
        -81.4562525284471,
        -81.4248070117783,
        -81.4187967220877,
        -81.42360356215866,
        -81.4529823820946,
        -81.44281257648572,
        -81.4481870401136,
        -81.42802311484536,
        -81.41547451630674,
        -81.406838654327,
        -81.4087736406049,
        -81.43051804663614,
        -81.3923774630237,
        -81.4006358417612,
        -81.4401132640381,
        -81.45538814775026,
        -81.43275087722847,
        -81.44700633897115,
        -81.436274590975,
        -81.4463994767803,
        -81.4227310963007,
        -81.3970148935349,
        -81.438124759693,
        -81.43539561534168,
        -81.43866067682417,
        -81.4312055021678,
        -81.41192743118985,
        -81.4114463132435,
        -81.4209068691494,
        -81.4263060282011,
        -81.39381969028076,
        -81.3825297552616,
        -81.39993438875123,
        -81.4188074484133,
        -81.42271615757016,
        -81.42176822517322,
        -81.39375543524633,
        -81.41942150158913,
        -81.41054274364764,
        -81.4136188681787,
        -81.4255861009396,
        -81.4459850580424,
        -81.4215960553086,
        -81.3925521458096,
        -81.42263597306332,
        -81.43404102144646,
        -81.4357408407445,
        -81.41980957310012,
        -81.4140358963692,
        -81.4117030445628,
        -81.40594380199667,
        -81.41136392082797,
        -81.44301450406235,
        -81.4465068543107,
        -81.41781139712982,
        -81.4182261068626,
        -81.43714441510285,
        -81.43804687240554,
        -81.4106513667609,
        -81.4046201565214,
        -81.4175828707792,
        -81.4272301329589,
        -81.43741257179994,
        -81.4758826118141,
        -81.45891564317904,
        -81.42729297028394,
        -81.4199510495696,
        -81.42199751987997,
        -81.4147546818675,
        -81.41268450220974,
        -81.41249362844775,
        -81.4109174145782,
        -81.4295446382361,
        -81.4228018588506,
        -81.37613474101896,
        -81.28826454675385,
        -80.84115052413577,
        -32.631731954778836,
        -25.241397214296086,
        -32.63175047583982,
        -80.8580997432008,
        -81.29885300602815,
        -81.36127109078514,
        -81.41717101345864,
        -81.42753324073024,
        -81.42158409742807,
        -81.40113493206835,
        -81.40347098260017,
        -81.3927150525975,
        -81.40725111855568,
        -81.4172132437961,
        -81.43546742635422,
        -81.4757634072477,
        -81.4723170073664,
        -81.446205308735,
        -81.45542198573295,
        -81.4174789962816,
        -81.39623245760008,
        -81.40739787597936,
        -81.43292669113328,
        -81.44611110196567,
        -81.41982829825542,
        -81.43500664439355,
        -81.46309305594306,
        -81.4447654371861,
        -81.40899473253307,
        -81.40170986647024,
